[
{
    "fields": {
        "username": "113922216188119123113",
        "first_name": "",
        "last_name": "",
        "is_active": true,
        "is_superuser": false,
        "is_staff": false,
        "last_login": "2015-05-13T10:45:31.539Z",
        "groups": "{}",
        "user_permissions": "['']",
        "password": "!qWqCuorJ9z76gRsL9bVIFfbCjXlyQ4G7WGvM0t1O",
        "email": "sharon@example.com",
        "date_joined": "2015-05-13T10:45:31.442Z"
    },
    "model": "djangae.gaedatastoreuser",
    "pk": 4954811711619072
},
{
    "fields": {
        "username": "138441319871116150213",
        "first_name": "",
        "last_name": "",
        "is_active": true,
        "is_superuser": false,
        "is_staff": false,
        "last_login": "2015-05-13T10:45:02.580Z",
        "groups": "{}",
        "user_permissions": "['']",
        "password": "!0LzfRfIQxBrsxPOQVGzYdQhc618wxwNkbJKOHLlo",
        "email": "reginald@example.com",
        "date_joined": "2015-05-13T10:45:02.440Z"
    },
    "model": "djangae.gaedatastoreuser",
    "pk": 5236286688329728
},
{
    "fields": {
        "username": "175155184063224062179",
        "first_name": "",
        "last_name": "",
        "is_active": true,
        "is_superuser": false,
        "is_staff": false,
        "last_login": "2015-05-13T10:44:51.034Z",
        "groups": "{}",
        "user_permissions": "['']",
        "password": "!g3WJGdY61AKSY0cHGUEywCfdzu4zDrOLU5GjU8pp",
        "email": "bob@example.com",
        "date_joined": "2015-05-13T10:44:50.932Z"
    },
    "model": "djangae.gaedatastoreuser",
    "pk": 5799236641751040
},
{
    "fields": {
        "username": "114351812116612396441",
        "first_name": "",
        "last_name": "",
        "is_active": true,
        "is_superuser": false,
        "is_staff": false,
        "last_login": "2015-05-13T10:45:20.390Z",
        "groups": "{}",
        "user_permissions": "['']",
        "password": "!oB8G54eHnk80Pt1uUv4Eb1H4C6eYAB7swl9i8hRC",
        "email": "marcella@example.com",
        "date_joined": "2015-05-13T10:45:20.296Z"
    },
    "model": "djangae.gaedatastoreuser",
    "pk": 6362186595172352
},
{
    "fields": {
        "title": "Monday's Electron",
        "modified": "2015-05-13T13:36:22.860Z",
        "created_by": 4954811711619072,
        "created": "2015-05-13T13:36:22.859Z"
    },
    "model": "site.project",
    "pk": 4903134665113600
},
{
    "fields": {
        "title": "Postal Tidy",
        "modified": "2015-05-13T13:36:06.727Z",
        "created_by": 4954811711619072,
        "created": "2015-05-13T13:36:06.726Z"
    },
    "model": "site.project",
    "pk": 5184609641824256
},
{
    "fields": {
        "title": "Teal Drill",
        "modified": "2015-05-13T13:36:44.764Z",
        "created_by": 4954811711619072,
        "created": "2015-05-13T13:36:44.762Z"
    },
    "model": "site.project",
    "pk": 5466084618534912
},
{
    "fields": {
        "title": "Liquid Cloud",
        "modified": "2015-05-13T13:35:38.864Z",
        "created_by": 4954811711619072,
        "created": "2015-05-13T13:35:38.863Z"
    },
    "model": "site.project",
    "pk": 5747559595245568
},
{
    "fields": {
        "title": "Early Avenue",
        "modified": "2015-05-13T13:36:32.486Z",
        "created_by": 4954811711619072,
        "created": "2015-05-13T13:36:32.485Z"
    },
    "model": "site.project",
    "pk": 6029034571956224
},
{
    "fields": {
        "title": "Rainbow Smoke",
        "modified": "2015-05-13T13:36:16.532Z",
        "created_by": 4954811711619072,
        "created": "2015-05-13T13:36:16.531Z"
    },
    "model": "site.project",
    "pk": 6310509548666880
}
]
